Site identification,Camera set date-time,Camera check date-time,Lure type,Species common name,Count of individuals,Observation date-time
Identification du Site,Appareil photo – la date et l’heure de l’installation,Appareil photo – la date et l’heure de la vérification,Type d’appât,Nom commun de l’espèce,Nombre d’individus,Date et heure de l’observation
1,9/5/2014 8:35,23/05/2014 16:35,Anis Oil,Black-tailed Deer,1,23/05/2014 7:43
1,9/5/2014 8:35,23/05/2014 16:35,Anis Oil,Black-tailed Deer,1,11/5/2014 18:28
1,9/5/2014 8:35,23/05/2014 16:35,Anis Oil,Black-tailed Deer,1,14/05/2014 22:33
1,9/5/2014 8:35,23/05/2014 16:35,Anis Oil,Black-tailed Deer,1,16/05/2014 19:29
1,9/5/2014 8:35,23/05/2014 16:35,Anis Oil,Black-tailed Deer,2,17/05/2014 21:06
1,9/5/2014 8:35,23/05/2014 16:35,Anis Oil,Black-tailed Deer,2,19/05/2014 7:54
1,9/5/2014 8:35,23/05/2014 16:35,Anis Oil,Black-tailed Deer,1,23/05/2014 10:25
1,9/5/2014 8:35,23/05/2014 16:35,Anis Oil,Black-tailed Deer,1,11/5/2014 8:24
1,25/06/2014 15:45,9/7/2014 16:55,Fish Oil,Black-tailed Deer,2,26/06/2014 9:14
1,25/06/2014 15:45,9/7/2014 16:55,Fish Oil,Black-tailed Deer,2,30/06/2014 7:50
1,25/06/2014 15:45,9/7/2014 16:55,Fish Oil,Black-tailed Deer,2,2/7/2014 10:59
1,25/06/2014 15:45,9/7/2014 16:55,Fish Oil,Black-tailed Deer,2,4/7/2014 12:23
1,25/06/2014 15:45,9/7/2014 16:55,Fish Oil,Black-tailed Deer,1,6/7/2014 16:15
1,25/06/2014 15:45,9/7/2014 16:55,Fish Oil,Black-tailed Deer,2,7/7/2014 10:22
1,25/06/2014 15:45,9/7/2014 16:55,Fish Oil,Black-tailed Deer,2,9/7/2014 12:11
1,7/8/2014 8:20,20/08/2014 16:45,Control,Black-tailed Deer,1,7/8/2014 10:12
1,7/8/2014 8:20,20/08/2014 16:45,Control,Black-tailed Deer,1,15/08/2014 17:46
1,7/8/2014 8:20,20/08/2014 16:45,Control,Black-tailed Deer,1,7/8/2014 12:27
1,9/6/2017 7:45,23/06/2017 8:10,Control,Black-tailed Deer,2,10/6/2017 8:28
1,9/6/2017 7:45,23/06/2017 8:10,Control,Black-tailed Deer,1,11/6/2017 5:49
1,9/6/2017 7:45,23/06/2017 8:10,Control,Black-tailed Deer,1,16/06/2017 19:44
1,9/6/2017 7:45,23/06/2017 8:10,Control,Black-tailed Deer,2,17/06/2017 7:07
1,9/6/2017 7:45,23/06/2017 8:10,Control,Black-tailed Deer,1,9/6/2017 9:43
1,20/07/2017 15:55,3/8/2017 16:15,Control,Black-tailed Deer,1,27/07/2017 9:11
1,20/07/2017 15:55,3/8/2017 16:15,Control,Black-tailed Deer,1,1/8/2017 8:01
1,20/07/2017 15:55,3/8/2017 16:15,Control,Black-tailed Deer,1,1/8/2017 11:05
1,20/07/2017 15:55,3/8/2017 16:15,Control,Black-tailed Deer,1,1/8/2017 8:48
1,20/07/2017 15:55,3/8/2017 16:15,Control,Black-tailed Deer,1,31/07/2017 6:47
1,20/07/2017 15:55,3/8/2017 16:15,Control,Black-tailed Deer,1,31/07/2017 5:42
1,20/07/2017 15:55,3/8/2017 16:15,Control,Black-tailed Deer,1,26/07/2017 16:27
1,20/07/2017 15:55,3/8/2017 16:15,Control,Black-tailed Deer,1,1/8/2017 8:38
1,20/07/2017 15:55,3/8/2017 16:15,Control,Black-tailed Deer,1,31/07/2017 8:52
1,6/8/2015 13:30,20/08/2015 16:00,Control,Black-tailed Deer,1,16/08/2015 6:13
1,6/8/2015 13:30,20/08/2015 16:00,Control,Wolf,1,17/08/2015 15:25
1,6/8/2015 13:30,20/08/2015 16:00,Control,Wolf,1,17/08/2015 15:27
1,6/8/2015 13:30,20/08/2015 16:00,Control,Black-tailed Deer,1,9/8/2015 16:48
1,6/8/2015 13:30,20/08/2015 16:00,Control,Black-tailed Deer,2,15/08/2015 7:27
1,6/8/2015 13:30,20/08/2015 16:00,Control,Black-tailed Deer,2,17/08/2015 9:26
1,6/8/2015 13:30,20/08/2015 16:00,Control,Black-tailed Deer,1,17/08/2015 15:26
1,31/08/2017 6:55,14/09/2017 13:30,Control,Black-tailed Deer,2,3/9/2017 11:05
1,31/08/2017 6:55,14/09/2017 13:30,Control,Black-tailed Deer,1,31/08/2017 20:27
1,31/08/2017 6:55,14/09/2017 13:30,Control,Black-tailed Deer,1,3/9/2017 3:50
1,31/08/2017 6:55,14/09/2017 13:30,Control,Black-tailed Deer,1,4/9/2017 8:04
1,31/08/2017 6:55,14/09/2017 13:30,Control,Black-tailed Deer,1,11/9/2017 15:39
1,11/5/2015 13:45,27/05/2015 7:40,Fish Oil,Black-tailed Deer,1,13/05/2015 11:02
1,11/5/2015 13:45,27/05/2015 7:40,Fish Oil,Black-tailed Deer,1,25/05/2015 11:31
1,11/5/2015 13:45,27/05/2015 7:40,Fish Oil,Black-tailed Deer,1,24/05/2015 6:44
1,11/5/2015 13:45,27/05/2015 7:40,Fish Oil,Wolf,1,20/05/2015 10:58
1,11/5/2015 13:45,27/05/2015 7:40,Fish Oil,Black-tailed Deer,1,19/05/2015 20:18
1,11/5/2015 13:45,27/05/2015 7:40,Fish Oil,Black-tailed Deer,1,15/05/2015 13:16
1,11/5/2015 13:45,27/05/2015 7:40,Fish Oil,Black-tailed Deer,1,11/5/2015 17:32
1,11/5/2015 13:45,27/05/2015 7:40,Fish Oil,Wolf,1,19/05/2015 7:27
1,30/06/2015 7:50,9/7/2015 7:35,Anis Oil,Black-tailed Deer,1,3/7/2015 8:38
2,5/6/2014 8:40,24/06/2014 13:37,Fish Oil,Black Bear,1,9/6/2014 6:03
2,5/6/2014 8:40,24/06/2014 13:37,Fish Oil,Black Bear,1,12/6/2014 19:38
2,24/07/2014 13:00,6/8/2014 13:05,Control,Black Bear,2,26/07/2014 14:22
2,20/07/2017 10:45,3/8/2017 12:45,Fish Oil,Black Bear,1,26/07/2017 17:20
2,24/07/2015 10:45,6/8/2015 15:45,Fish Oil,Black Bear,1,2/8/2015 14:16
2,24/07/2015 10:45,6/8/2015 15:45,Fish Oil,Black-tailed Deer,1,31/07/2015 10:32
2,24/07/2015 10:45,6/8/2015 15:45,Fish Oil,Pine Marten,1,4/8/2015 18:01
2,9/9/2015 11:05,23/09/2015 10:40,Control,Black Bear,1,17/09/2015 23:34
2,9/9/2015 11:05,23/09/2015 10:40,Control,Raccoon,1,22/09/2015 4:21
2,10/6/2015 10:45,29/06/2015 11:40,Anis Oil,Black Bear,1,27/06/2015 19:21
3,21/08/2014 9:55,3/9/2014 10:04,Anis Oil,Black Bear,1,25/08/2014 10:41
3,21/07/2017 11:35,3/8/2017 14:15,Control,Black Bear,2,29/07/2017 15:12
3,21/07/2017 11:35,3/8/2017 14:15,Control,Black-tailed Deer,1,30/07/2017 0:11
3,21/07/2017 11:35,3/8/2017 14:15,Control,Black Bear,1,1/8/2017 19:41
3,10/7/2015 14:30,23/07/2015 12:50,Fish Oil,Black Bear,1,17/07/2015 5:52
3,10/7/2015 14:30,23/07/2015 12:50,Fish Oil,Black Bear,1,20/07/2015 20:02
3,21/08/2015 15:20,8/9/2015 8:20,Control,Pine Marten,1,5/9/2015 23:32
3,21/08/2015 15:20,8/9/2015 8:20,Control,Red Squirrel,1,5/9/2015 10:03
3,28/05/2015 15:35,9/6/2015 15:00,Anis Oil,Black Bear,1,7/6/2015 14:26
3,26/05/2016 11:30,7/6/2016 15:00,Control,Black Bear,1,26/05/2016 13:43
3,26/05/2016 11:30,7/6/2016 15:00,Control,Black-tailed Deer,1,28/05/2016 13:30
3,26/05/2016 11:30,7/6/2016 15:00,Control,Black Bear,1,1/6/2016 12:44
4,8/5/2014 13:14,22/05/2014 8:40,Anis Oil,Black-tailed Deer,1,16/05/2014 5:17
4,24/06/2014 13:05,10/7/2014 13:45,Fish Oil,Black Bear,1,24/06/2014 16:48
4,6/8/2014 11:35,21/08/2014 13:45,Control,Wolf,1,6/8/2014 13:37
4,6/8/2014 11:35,21/08/2014 13:45,Control,Black Bear,1,15/08/2014 17:16
4,25/05/2017 14:15,8/6/2017 9:10,Control,Black Bear,1,30/05/2017 11:09
4,25/05/2017 14:15,8/6/2017 9:10,Control,Black Bear,1,30/05/2017 11:05
4,25/05/2017 14:15,8/6/2017 9:10,Control,Black Bear,1,1/6/2017 18:30
4,25/05/2017 14:15,8/6/2017 9:10,Control,Black-tailed Deer,1,8/6/2017 5:02
4,25/05/2017 14:15,8/6/2017 9:10,Control,Black Bear,1,30/05/2017 13:44
4,25/05/2017 14:15,8/6/2017 9:10,Control,Black Bear,1,29/05/2017 8:52
4,30/06/2015 16:10,9/7/2015 12:20,Anis Oil,Black-tailed Deer,1,7/7/2015 21:51
4,30/06/2015 16:10,9/7/2015 12:20,Anis Oil,Wolf,1,8/7/2015 12:42
4,17/08/2017 9:50,30/09/2017 13:40,Control,Black-tailed Deer,1,27/08/2017 4:06
4,17/08/2017 9:50,30/09/2017 13:40,Control,Black-tailed Deer,1,27/08/2017 4:02
4,11/5/2015 8:15,27/05/2015 14:00,Control,Black-tailed Deer,1,20/05/2015 21:32
4,11/5/2015 8:15,27/05/2015 14:00,Control,Black Bear,1,23/05/2015 12:26
5,23/05/2014 17:05,5/6/2014 15:05,Fish Oil,Raccoon,1,30/05/2014 4:53
5,23/05/2014 17:05,5/6/2014 15:05,Fish Oil,Black Bear,1,30/05/2014 7:06
5,21/08/2014 8:35,3/9/2014 11:30,Anis Oil,Black Bear,1,23/08/2014 5:52
5,10/7/2014 8:15,24/07/2014 10:40,Control,Black Bear,1,14/07/2014 18:14
5,10/7/2014 8:15,24/07/2014 10:40,Control,Black Bear,1,18/07/2014 4:57
5,23/06/2017 8:40,7/7/2017 7:10,Anis Oil,Black Bear,2,5/7/2017 12:30
5,4/8/2017 8:15,18/08/2017 8:15,Control,Black Bear,2,6/8/2017 6:29
5,4/8/2017 8:15,18/08/2017 8:15,Control,Black Bear,2,8/8/2017 6:30
5,4/8/2017 8:15,18/08/2017 8:15,Control,Wolf,2,9/8/2017 20:42
5,4/8/2017 8:15,18/08/2017 8:15,Control,Black Bear,1,10/8/2017 17:33
5,4/8/2017 8:15,18/08/2017 8:15,Control,Black Bear,1,14/08/2017 18:23
5,4/8/2017 8:15,18/08/2017 8:15,Control,Black Bear,1,14/08/2017 18:30
6,23/05/2014 16:00,5/6/2014 14:20,Anis Oil,Black Bear,1,23/05/2014 19:29
6,23/05/2014 16:00,5/6/2014 14:20,Anis Oil,Black Bear,1,1/6/2014 13:41
6,10/7/2014 9:35,24/07/2014 9:40,Fish Oil,Black Bear,1,17/07/2014 12:18
6,10/7/2014 9:35,24/07/2014 9:40,Fish Oil,Black Bear,1,16/07/2014 15:35
6,20/08/2014 15:48,3/9/2014 12:15,Control,Black Bear,1,24/08/2014 6:21
6,21/07/2017 9:10,4/8/2017 9:30,Fish Oil,Black Bear,1,
6,21/08/2015 8:40,8/9/2015 16:20,Fish Oil,Black Bear,1,8/9/2015 7:58
6,21/08/2015 8:40,8/9/2015 16:20,Fish Oil,Ruffed Grouse,1,26/08/2015 12:52
6,21/08/2015 8:40,8/9/2015 16:20,Fish Oil,Black Bear,1,27/08/2015 7:23
6,31/08/2017 10:10,14/09/2017 13:45,Control,Raccoon,2,11/9/2017 11:58
6,31/08/2017 10:10,14/09/2017 13:45,Control,Black Bear,1,4/9/2017 14:34
6,31/08/2017 10:10,14/09/2017 13:45,Control,Pine Marten,1,2/9/2017 8:58
6,31/08/2017 10:10,14/09/2017 13:45,Control,Black Bear,1,12/9/2017 5:33
6,31/08/2017 10:10,14/09/2017 13:45,Control,Black Bear,1,9/9/2017 10:47
6,28/05/2015 8:40,9/6/2015 8:30,Control,Black Bear,1,3/6/2015 10:24
7,23/06/2017 10:15,6/7/2017 16:00,Control,Black Bear,1,2/7/2017 10:36
7,23/06/2017 10:15,6/7/2017 16:00,Control,Black Bear,1,24/06/2017 7:32
7,23/06/2017 10:15,6/7/2017 16:00,Control,Black Bear,1,29/06/2017 20:44
7,23/06/2017 10:15,6/7/2017 16:00,Control,Black Bear,1,1/7/2017 17:12
7,23/06/2017 10:15,6/7/2017 16:00,Control,Black Bear,1,29/06/2017 7:35
7,23/06/2017 10:15,6/7/2017 16:00,Control,Black Bear,1,2/7/2017 11:43
7,23/06/2017 10:15,6/7/2017 16:00,Control,Black Bear,1,25/06/2017 17:35
7,23/06/2017 10:15,6/7/2017 16:00,Control,Raccoon,1,25/06/2017 5:47
7,23/06/2017 10:15,6/7/2017 16:00,Control,Black-tailed Deer,1,30/06/2017 8:47
7,4/8/2017 10:20,18/08/2017 12:45,Control,Black Bear,1,7/8/2017 19:41
7,10/7/2015 9:15,23/07/2015 11:00,Fish Oil,Black-tailed Deer,1,12/7/2015 10:12
7,10/7/2015 9:15,23/07/2015 11:00,Fish Oil,Black-tailed Deer,2,11/7/2015 16:01
7,10/7/2015 9:15,23/07/2015 11:00,Fish Oil,Black Bear,1,19/07/2015 10:38
7,21/08/2015 9:20,8/9/2015 16:00,Control,Black-tailed Deer,1,31/08/2015 15:34
7,28/05/2015 9:15,9/6/2015 8:55,Anis Oil,Black-tailed Deer,2,6/6/2015 10:02
7,9/6/2016 9:20,21/06/2016 12:25,Control,Raccoon,1,19/06/2016 1:02
7,9/6/2016 9:20,21/06/2016 12:25,Control,Black Bear,1,21/06/2016 8:09
7,9/6/2016 9:20,21/06/2016 12:25,Control,Black-tailed Deer,1,11/6/2016 7:49
7,9/6/2016 9:20,21/06/2016 12:25,Control,Black Bear,1,17/06/2016 8:44
7,10/5/2017 13:50,25/05/2017 11:10,Control,Black Bear,1,18/05/2017 17:38
8,9/7/2014 15:30,23/07/2014 15:12,Anis Oil,Black Bear,1,21/07/2014 7:26
8,20/07/2017 14:20,4/8/2017 11:20,Control,Black Bear,1,26/07/2017 7:34
8,20/07/2017 14:20,4/8/2017 11:20,Control,Black Bear,1,23/07/2017 15:46
8,10/7/2015 9:45,23/07/2015 11:20,Control,Black Bear,1,16/07/2015 19:49
8,21/08/2015 9:40,8/9/2015 15:35,Anis Oil,Black Bear,2,4/9/2015 7:25
8,21/08/2015 9:40,8/9/2015 15:35,Anis Oil,Black Bear,2,30/08/2015 13:49
8,28/05/2015 9:30,9/6/2015 9:15,Fish Oil,Wolf,2,8/6/2015 9:44
8,28/05/2015 9:30,9/6/2015 9:15,Fish Oil,Black Bear,1,6/6/2015 11:07
8,28/05/2015 9:30,9/6/2015 9:15,Fish Oil,Black Bear,1,2/6/2015 10:13
8,28/05/2015 9:30,9/6/2015 9:15,Fish Oil,Black Bear,1,3/6/2015 18:28
8,24/06/2016 13:00,7/7/2016 14:20,Control,Black Bear,1,26/06/2016 6:36
8,24/06/2016 13:00,7/7/2016 14:20,Control,Black Bear,1,28/06/2016 10:52
8,24/06/2016 13:00,7/7/2016 14:20,Control,Black-tailed Deer,1,2/7/2016 11:18
8,24/06/2016 13:00,7/7/2016 14:20,Control,Black-tailed Deer,1,2/7/2016 12:42
8,24/06/2016 13:00,7/7/2016 14:20,Control,Raccoon,1,24/06/2016 18:28
8,24/06/2016 13:00,7/7/2016 14:20,Control,Raccoon,1,25/06/2016 17:15
8,24/06/2016 13:00,7/7/2016 14:20,Control,Black Bear,1,26/06/2016 18:15
9,5/6/2014 9:20,25/06/2014 9:45,Control,Black Bear,1,6/6/2014 16:01
9,5/6/2014 9:20,25/06/2014 9:45,Control,Black Bear,1,7/6/2014 8:55
9,5/6/2014 9:20,25/06/2014 9:45,Control,Black Bear,1,7/6/2014 15:07
9,5/6/2014 9:20,25/06/2014 9:45,Control,Black Bear,1,7/6/2014 15:08
9,5/6/2014 9:20,25/06/2014 9:45,Control,Black Bear,1,8/6/2014 12:16
9,5/6/2014 9:20,25/06/2014 9:45,Control,Black Bear,1,10/6/2014 12:30
9,5/6/2014 9:20,25/06/2014 9:45,Control,Black Bear,1,10/6/2014 20:06
9,5/6/2014 9:20,25/06/2014 9:45,Control,Black Bear,1,11/6/2014 18:48
9,5/6/2014 9:20,25/06/2014 9:45,Control,Black Bear,1,18/06/2014 21:50
9,5/6/2014 9:20,25/06/2014 9:45,Control,Black Bear,1,14/06/2014 10:22
9,5/6/2014 9:20,25/06/2014 9:45,Control,Black Bear,1,6/6/2014 16:00
9,5/6/2014 9:20,25/06/2014 9:45,Control,Black Bear,1,22/06/2014 16:17
9,23/07/2014 12:25,7/8/2014 14:10,Anis Oil,Black Bear,1,27/07/2014 21:04
9,23/07/2014 12:25,7/8/2014 14:10,Anis Oil,Black Bear,1,29/07/2014 6:02
9,23/07/2014 12:25,7/8/2014 14:10,Anis Oil,Black Bear,1,31/07/2014 6:09
9,3/9/2014 16:45,17/09/2014 9:10,Fish Oil,Black Bear,1,16/09/2014 9:03
9,23/06/2017 15:20,6/7/2017 13:55,Fish Oil,Pine Marten,1,25/06/2017 6:18
9,23/06/2017 15:20,6/7/2017 13:55,Fish Oil,Black-tailed Deer,1,5/7/2017 11:18
9,23/06/2017 15:20,6/7/2017 13:55,Fish Oil,Black Bear,1,25/06/2017 18:02
9,4/8/2017 14:15,17/08/2017 13:40,Anis Oil,Black Bear,2,10/8/2017 13:05
9,24/07/2015 9:45,6/8/2015 10:40,Control,Black Bear,1,30/07/2015 7:24
9,9/9/2015 10:15,23/09/2015 14:55,Anis Oil,Black Bear,1,20/09/2015 19:39
9,10/6/2015 9:00,29/06/2015 12:50,Fish Oil,Black Bear,1,11/6/2015 20:03
9,10/6/2015 9:00,29/06/2015 12:50,Fish Oil,Black-tailed Deer,1,26/06/2015 0:23
9,10/6/2015 9:00,29/06/2015 12:50,Fish Oil,Black-tailed Deer,1,21/06/2015 1:23
10,7/7/2017 12:45,20/07/2017 13:15,Fish Oil,Black Bear,1,18/07/2017 8:54
10,7/7/2017 12:45,20/07/2017 13:15,Fish Oil,Black Bear,1,12/7/2017 11:45
10,7/7/2017 12:45,20/07/2017 13:15,Fish Oil,Black Bear,1,16/07/2017 11:26
10,18/08/2017 14:30,1/9/2017 15:00,Control,Pine Marten,1,30/08/2017 6:44
10,18/08/2017 14:30,1/9/2017 15:00,Control,Pine Marten,1,31/08/2017 8:43
10,25/05/2016 16:15,7/6/2016 12:00,Control,Black Bear,1,29/05/2016 8:49
10,25/05/2016 16:15,7/6/2016 12:00,Control,Black Bear,1,1/6/2016 11:50
10,25/05/2016 16:15,7/6/2016 12:00,Control,Black Bear,1,1/6/2016 5:22
10,25/05/2016 16:15,7/6/2016 12:00,Control,Black Bear,1,29/05/2016 16:18
10,25/05/2016 16:15,7/6/2016 12:00,Control,Black Bear,1,1/6/2016 5:40
10,25/05/2016 16:15,7/6/2016 12:00,Control,Black Bear,1,29/05/2016 17:28
10,26/05/2017 15:50,8/6/2017 14:10,Control,Wolf,2,31/05/2017 12:29
11,8/6/2016 14:15,21/06/2016 13:40,Control,Black Bear,1,10/6/2016 11:35
11,8/6/2016 14:15,21/06/2016 13:40,Control,Black Bear,1,10/6/2016 8:09
11,8/6/2016 14:15,21/06/2016 13:40,Control,Black Bear,1,11/6/2016 16:05
11,8/6/2016 14:15,21/06/2016 13:40,Control,Black Bear,1,16/06/2016 9:45
11,8/6/2016 14:15,21/06/2016 13:40,Control,Wolf,2,10/6/2016 5:48
11,9/6/2016 14:15,21/06/2016 13:40,Control,Black-tailed Deer,2,16/06/2016 8:13
11,9/6/2016 14:15,21/06/2016 13:40,Control,Black-tailed Deer,2,18/06/2016 5:56
11,9/6/2016 14:15,21/06/2016 13:40,Control,Black-tailed Deer,2,18/06/2016 7:47
11,9/6/2016 14:15,21/06/2016 13:40,Control,Black Bear,1,21/06/2016 8:30
11,26/05/2017 15:20,8/6/2017 13:50,Control,Black Bear,1,29/05/2017 11:29
12,9/5/2014 14:28,22/05/2014 10:35,Anis Oil,Black Bear,1,12/5/2014 20:12
12,9/5/2014 14:28,22/05/2014 10:35,Anis Oil,Black Bear,1,14/05/2014 21:02
12,9/5/2014 14:28,22/05/2014 10:35,Anis Oil,Black Bear,1,15/05/2014 18:56
12,9/5/2014 14:28,22/05/2014 10:35,Anis Oil,Wolf,1,11/5/2014 7:15
12,25/06/2014 10:15,9/7/2014 10:20,Fish Oil,Black Bear,1,1/7/2014 20:40
12,25/06/2014 10:15,9/7/2014 10:20,Fish Oil,Black Bear,1,1/7/2014 18:06
12,7/8/2014 13:45,20/08/2014 10:15,Control,Black Bear,1,8/8/2014 6:01
12,7/8/2014 13:45,20/08/2014 10:15,Control,Black Bear,1,9/8/2014 15:00
12,7/8/2014 13:45,20/08/2014 10:15,Control,Wolf,1,11/8/2014 13:43
12,7/8/2014 13:45,20/08/2014 10:15,Control,Black Bear,1,12/8/2014 14:54
12,7/8/2014 13:45,20/08/2014 10:15,Control,Black Bear,1,14/08/2014 20:13
12,7/8/2014 13:45,20/08/2014 10:15,Control,Black Bear,1,16/08/2014 5:40
12,7/8/2014 13:45,20/08/2014 10:15,Control,Black Bear,1,19/08/2014 20:35
12,9/6/2017 14:10,23/06/2017 15:25,Control,Black Bear,1,11/6/2017 17:54
12,9/6/2017 14:10,23/06/2017 15:25,Control,Black Bear,1,15/06/2017 12:59
12,9/6/2017 14:10,23/06/2017 15:25,Control,Black Bear,1,19/06/2017 6:23
12,9/6/2017 14:10,23/06/2017 15:25,Control,Black Bear,1,22/06/2017 19:09
12,9/6/2017 14:10,23/06/2017 15:25,Control,Black Bear,1,22/06/2017 20:02
12,9/6/2017 14:10,23/06/2017 15:25,Control,Black Bear,1,23/06/2017 8:35
12,9/6/2017 14:10,23/06/2017 15:25,Control,Black Bear,1,11/6/2017 16:32
12,20/07/2017 13:00,4/8/2017 13:15,Control,Black-tailed Deer,1,25/07/2017 13:28
12,20/07/2017 13:00,4/8/2017 13:15,Control,Red Squirrel,1,29/07/2017 17:08
12,20/07/2017 13:00,4/8/2017 13:15,Control,Black Bear,1,25/07/2017 18:12
12,11/5/2015 10:30,27/05/2015 12:15,Control,Black Bear,1,12/5/2015 15:58
12,11/5/2015 10:30,27/05/2015 12:15,Control,Black Bear,2,24/05/2015 11:24
12,11/5/2015 10:30,27/05/2015 12:15,Control,Black Bear,1,24/05/2015 9:18
12,11/5/2015 10:30,27/05/2015 12:15,Control,Black Bear,1,24/05/2015 18:56
13,23/05/2014 10:55,4/6/2014 12:12,Anis Oil,Black Bear,1,2/6/2014 6:43
13,22/06/2017 13:30,6/7/2017 12:05,Control,Wolf,1,28/06/2017 8:45
13,22/06/2017 13:30,6/7/2017 12:05,Control,Black Bear,1,24/06/2017 12:40
13,22/06/2017 13:30,6/7/2017 12:05,Control,Wolf,1,6/7/2017 8:27
13,3/8/2017 12:20,17/08/2017 10:05,Control,Black Bear,1,12/8/2017 5:38
13,28/05/2015 14:10,9/6/2015 13:50,Control,Black Bear,1,31/05/2015 9:14
13,9/6/2016 12:00,22/06/2016 9:00,Control,Black Bear,2,13/06/2016 6:09
13,9/6/2016 12:00,22/06/2016 9:00,Control,Black Bear,1,21/06/2016 5:22
13,9/6/2016 12:00,22/06/2016 9:00,Control,Wolf,1,10/6/2016 14:50
13,9/6/2016 12:00,22/06/2016 9:00,Control,Black Bear,1,12/6/2016 6:36
13,9/6/2016 12:00,22/06/2016 9:00,Control,Black Bear,1,12/6/2016 9:02
13,9/6/2016 12:00,22/06/2016 9:00,Control,Black Bear,1,16/06/2016 12:22
13,9/6/2016 12:00,22/06/2016 9:00,Control,Black Bear,1,20/06/2016 22:42
13,9/6/2016 12:00,22/06/2016 9:00,Control,Black Bear,1,21/06/2016 5:08
13,9/6/2016 12:00,22/06/2016 9:00,Control,Black Bear,1,13/06/2016 8:31
13,9/6/2016 12:00,22/06/2016 9:00,Control,Black Bear,1,20/06/2016 22:38
13,9/6/2016 12:00,22/06/2016 9:00,Control,Black Bear,1,16/06/2016 12:18
13,9/6/2016 12:00,22/06/2016 9:00,Control,Black Bear,1,12/6/2016 16:04
13,9/6/2016 12:00,22/06/2016 9:00,Control,Black Bear,1,19/06/2016 16:15
13,11/5/2017 11:50,25/05/2017 14:55,Control,Black Bear,1,13/05/2017 11:30
13,11/5/2017 11:50,25/05/2017 14:55,Control,Black Bear,1,19/05/2017 10:04
13,11/5/2017 11:50,25/05/2017 14:55,Control,Black Bear,1,25/05/2017 9:53
13,11/5/2017 11:50,25/05/2017 14:55,Control,Black Bear,1,13/05/2017 12:37
13,11/5/2017 11:50,25/05/2017 14:55,Control,Black Bear,1,17/05/2017 14:35
13,11/5/2017 11:50,25/05/2017 14:55,Control,Black Bear,1,18/05/2017 12:59
14,7/8/2014 10:30,20/08/2014 14:55,Control,Black Bear,1,7/8/2014 13:01
14,26/05/2017 10:50,8/6/2017 11:30,Control,Black Bear,1,5/6/2017 15:23
14,26/05/2017 10:50,8/6/2017 11:30,Control,Black Bear,1,7/6/2017 18:12
14,26/05/2017 10:50,8/6/2017 11:30,Control,Black Bear,1,7/6/2017 18:13
14,26/05/2017 10:50,8/6/2017 11:30,Control,Ruffed Grouse,1,4/6/2017 15:34
14,7/7/2017 7:55,21/07/2017 7:55,Control,Black Bear,1,12/7/2017 14:19
14,18/08/2017 9:30,31/08/2017 9:10,Control,Black Bear,1,30/08/2017 12:37
14,11/5/2015 14:25,27/05/2015 8:25,Control,Black Bear,1,13/05/2015 20:23
14,11/5/2015 14:25,27/05/2015 8:25,Control,Black Bear,1,21/05/2015 15:43
15,21/08/2014 14:45,4/9/2014 16:10,Fish Oil,Red Squirrel,1,25/08/2014 6:57
15,28/05/2015 13:10,9/6/2015 12:40,Fish Oil,Black Bear,2,29/05/2015 10:55
16,7/8/2014 11:05,20/08/2014 13:20,Control,Black Bear,1,9/8/2014 7:40
16,23/06/2017 10:35,6/7/2017 16:15,Anis Oil,Black Bear,1,27/06/2017 15:54
16,7/8/2015 12:30,20/08/2015 13:35,Fish Oil,Black Bear,1,12/8/2015 18:04
16,11/5/2015 12:25,27/05/2015 10:15,Control,Black Bear,1,21/05/2015 17:37
16,10/5/2017 14:30,25/05/2017 11:25,Control,Black-tailed Deer,2,25/05/2017 9:06
17,23/06/2017 16:35,6/7/2017 15:20,Fish Oil,Black Bear,1,27/06/2017 18:06
17,23/06/2017 16:35,6/7/2017 15:20,Fish Oil,Black Bear,1,4/7/2017 15:06
17,4/8/2017 12:15,17/08/2017 15:10,Anis Oil,Black Bear,1,7/8/2017 12:12
17,10/6/2015 9:50,29/06/2015 13:25,Fish Oil,Black Bear,2,22/06/2015 19:04
17,10/5/2017 12:55,25/05/2017 10:25,Control,Black Bear,1,14/05/2017 20:26
18,7/8/2014 13:10,20/08/2014 10:38,Anis Oil,Black Bear,1,20/08/2014 8:38
18,7/8/2014 13:10,20/08/2014 10:38,Anis Oil,Black Bear,1,13/08/2014 13:02
18,23/06/2017 16:00,6/7/2017 14:50,Fish Oil,Black Bear,1,25/06/2017 8:11
18,23/06/2017 16:00,6/7/2017 14:50,Fish Oil,Black-tailed Deer,1,27/06/2017 18:00
18,23/06/2017 16:00,6/7/2017 14:50,Fish Oil,Black Bear,1,28/06/2017 19:02
18,23/06/2017 16:00,6/7/2017 14:50,Fish Oil,Black Bear,1,4/7/2017 9:15
18,23/06/2017 16:00,6/7/2017 14:50,Fish Oil,Black Bear,1,2/7/2017 17:45
18,4/8/2017 12:45,17/08/2017 15:00,Anis Oil,Black-tailed Deer,1,8/8/2017 21:19
18,4/8/2017 12:45,17/08/2017 15:00,Anis Oil,Wolf,2,11/8/2017 15:23
18,7/8/2015 13:45,20/08/2015 12:10,Control,Black Bear,1,12/8/2015 17:05
18,7/8/2015 13:45,20/08/2015 12:10,Control,Black Bear,1,16/08/2015 17:39
18,7/8/2015 13:45,20/08/2015 12:10,Control,Black Bear,2,19/08/2015 14:20
18,11/5/2015 10:55,27/05/2015 11:55,Anis Oil,Black Bear,1,17/05/2015 17:30
18,25/05/2016 12:40,7/6/2016 10:10,Control,Black Bear,1,5/6/2016 14:36
18,25/05/2016 12:40,7/6/2016 10:10,Control,Black Bear,1,5/6/2016 9:44
18,25/05/2016 12:40,7/6/2016 10:10,Control,Black Bear,1,28/05/2016 20:54
18,10/5/2017 11:50,25/05/2017 10:05,Control,Raccoon,1,24/05/2017 1:20
18,10/5/2017 11:50,25/05/2017 10:05,Control,Black Bear,3,16/05/2017 12:26
19,9/7/2014 9:55,23/07/2014 12:45,Anis Oil,Black Bear,1,11/7/2014 14:13
19,23/06/2017 14:50,6/7/2017 14:15,Control,Black Bear,1,25/06/2017 16:18
19,23/06/2017 14:50,6/7/2017 14:15,Control,Black Bear,2,29/06/2017 13:16
19,4/8/2017 13:50,17/08/2017 14:00,Control,Black Bear,1,16/08/2017 9:42
19,4/8/2017 13:50,17/08/2017 14:00,Control,Black Bear,1,10/8/2017 20:37
19,10/7/2015 11:00,23/07/2015 12:15,Control,Black Bear,1,14/07/2015 17:27
19,10/7/2015 11:00,23/07/2015 12:15,Control,Cougar,1,17/07/2015 15:12
19,21/08/2015 10:50,8/9/2015 14:15,Anis Oil,Black Bear,2,3/9/2015 15:32
19,21/08/2015 10:50,8/9/2015 14:15,Anis Oil,Black Bear,2,6/9/2015 12:52
19,21/08/2015 10:50,8/9/2015 14:15,Anis Oil,Black Bear,2,3/9/2015 10:22
19,21/08/2015 10:50,8/9/2015 14:15,Anis Oil,Black Bear,1,30/08/2015 17:17
19,21/08/2015 10:50,8/9/2015 14:15,Anis Oil,Black Bear,2,22/08/2015 12:26
19,28/05/2015 10:40,9/6/2015 10:30,Fish Oil,Black-tailed Deer,1,1/6/2015 23:33
19,10/5/2017 11:00,25/05/2017 9:35,Control,Black Bear,1,24/05/2017 21:29
20,6/6/2014 8:30,24/06/2014 9:43,Control,Black Bear,1,6/6/2014 20:02
20,24/07/2014 13:50,6/8/2014 9:13,Anis Oil,Black Bear,1,1/8/2014 7:12
20,24/07/2014 13:50,6/8/2014 9:13,Anis Oil,Black Bear,1,1/8/2014 6:49
20,27/05/2017 11:00,8/6/2017 9:35,Control,Black Bear,1,6/6/2017 13:07
20,6/7/2017 12:30,20/07/2017 10:15,Control,Black Bear,1,7/7/2017 16:17
20,6/7/2017 12:30,20/07/2017 10:15,Control,Black Bear,1,12/7/2017 9:45
20,6/7/2017 12:30,20/07/2017 10:15,Control,Wolf,1,17/07/2017 6:14
20,24/07/2015 14:15,6/8/2015 8:45,Control,Black Bear,1,28/07/2015 20:01
20,24/07/2015 14:15,6/8/2015 8:45,Control,Wolf,2,3/8/2015 8:12
20,24/07/2015 14:15,6/8/2015 8:45,Control,Black Bear,1,5/8/2015 5:45
20,9/9/2015 12:55,23/09/2015 8:45,Anis Oil,Black Bear,1,22/09/2015 10:47
20,9/9/2015 12:55,23/09/2015 8:45,Anis Oil,Black Bear,1,21/09/2015 17:55
20,17/08/2017 10:20,30/09/2017 14:10,Control,Black Bear,1,26/08/2017 13:09
20,17/08/2017 10:20,30/09/2017 14:10,Control,Wolf,1,21/08/2017 21:39
20,17/08/2017 10:20,30/09/2017 14:10,Control,Black Bear,1,22/08/2017 7:42
20,17/08/2017 10:20,30/09/2017 14:10,Control,Black Bear,1,23/08/2017 17:03
20,17/08/2017 10:20,30/09/2017 14:10,Control,Black Bear,1,25/08/2017 9:12
20,17/08/2017 10:20,30/09/2017 14:10,Control,Black Bear,1,26/08/2017 5:59
20,10/6/2015 11:30,29/06/2015 10:15,Fish Oil,Black Bear,1,13/06/2015 13:56
20,10/6/2015 11:30,29/06/2015 10:15,Fish Oil,Black Bear,1,14/06/2015 16:06
21,25/06/2014 13:55,10/7/2014 9:00,Control,Cougar,1,30/06/2014 11:03
21,7/8/2014 9:30,20/08/2014 15:38,Anis Oil,Black Bear,1,14/08/2014 5:43
21,7/8/2014 9:30,20/08/2014 15:38,Anis Oil,Black Bear,1,10/8/2014 13:59
21,26/05/2017 11:45,8/6/2017 12:15,Control,Black Bear,1,2/6/2017 5:55
21,7/8/2015 10:35,20/08/2015 14:45,Control,Black Bear,1,16/08/2015 20:00
21,11/5/2015 15:20,27/05/2015 8:50,Anis Oil,Black Bear,1,26/05/2015 16:16
21,24/06/2016 10:50,7/7/2016 12:20,Control,Black Bear,1,27/06/2016 18:36
21,24/06/2016 10:50,7/7/2016 12:20,Control,Black Bear,1,29/06/2016 14:06
21,24/06/2016 10:50,7/7/2016 12:20,Control,Black Bear,1,30/06/2016 10:40
21,24/06/2016 10:50,7/7/2016 12:20,Control,Black Bear,1,24/06/2016 19:10
21,24/06/2016 10:50,7/7/2016 12:20,Control,Raccoon,1,27/06/2016 23:21
21,24/06/2016 10:50,7/7/2016 12:20,Control,Black-tailed Deer,1,1/7/2016 22:52
21,24/06/2016 10:50,7/7/2016 12:20,Control,Black Bear,1,6/7/2016 18:57
22,10/7/2014 14:50,23/07/2014 9:30,Control,Wolf,1,12/7/2014 19:46
22,10/7/2014 14:50,23/07/2014 9:30,Control,Wolf,2,10/7/2014 22:48
22,21/08/2014 14:05,4/9/2014 14:35,Anis Oil,Black-tailed Deer,1,27/08/2014 7:38
22,10/6/2017 17:40,22/06/2017 13:20,Control,Wolf,1,11/6/2017 20:28
22,10/6/2017 17:40,22/06/2017 13:20,Control,Black-tailed Deer,2,13/06/2017 13:33
22,10/6/2017 17:40,22/06/2017 13:20,Control,Black Bear,1,19/06/2017 18:19
22,21/07/2017 14:05,3/8/2017 11:35,Fish Oil,Black Bear,1,22/07/2017 16:53
22,21/07/2017 14:05,3/8/2017 11:35,Fish Oil,Black Bear,1,29/07/2017 20:10
22,10/7/2015 13:00,23/07/2015 8:55,Fish Oil,Black Bear,1,18/07/2015 0:45
22,10/7/2015 13:00,23/07/2015 8:55,Fish Oil,Black-tailed Deer,1,18/07/2015 17:00
22,10/7/2015 13:00,23/07/2015 8:55,Fish Oil,Wolf,1,21/07/2015 12:26
22,10/7/2015 13:00,23/07/2015 8:55,Fish Oil,Wolf,1,22/07/2015 9:07
22,10/7/2015 13:00,23/07/2015 8:55,Fish Oil,Wolf,1,22/07/2015 9:43
22,10/7/2015 13:00,23/07/2015 8:55,Fish Oil,Black Bear,1,15/07/2015 10:15
22,1/9/2017 12:15,14/09/2017 10:00,Anis Oil,Black-tailed Deer,1,3/9/2017 4:12
22,1/9/2017 12:15,14/09/2017 10:00,Anis Oil,Red Squirrel,1,11/9/2017 10:18
23,6/6/2014 11:05,24/06/2014 9:20,Control,Black Bear,1,12/6/2014 10:10
23,6/6/2014 11:05,24/06/2014 9:20,Control,Black Bear,1,13/06/2014 10:56
23,24/07/2015 12:40,6/8/2015 8:30,Control,Black Bear,1,27/07/2015 5:37
23,10/6/2015 11:15,29/06/2015 9:00,Fish Oil,Black Bear,1,20/06/2015 17:51
24,6/6/2014 11:35,24/06/2014 14:45,Anis Oil,Black Bear,1,20/06/2014 22:49
24,6/6/2014 11:35,24/06/2014 14:45,Anis Oil,Black Bear,1,20/06/2014 19:50
24,6/6/2014 11:35,24/06/2014 14:45,Anis Oil,Cougar,2,14/06/2014 11:14
24,24/07/2014 8:35,6/8/2014 14:52,Fish Oil,Black Bear,1,26/07/2014 10:50
24,4/9/2014 9:45,17/09/2014 11:58,Control,Black Bear,1,4/9/2014 19:54
24,7/7/2017 11:10,21/07/2017 10:45,Anis Oil,Black Bear,1,20/07/2017 6:53
24,17/08/2017 11:15,30/08/2017 18:00,Fish Oil,Black Bear,1,20/08/2017 8:39
24,17/08/2017 11:15,30/08/2017 18:00,Fish Oil,Black Bear,1,19/08/2017 8:20
24,10/6/2015 8:20,29/06/2015 12:20,Control,Black Bear,1,10/6/2015 17:03
24,10/6/2015 8:20,29/06/2015 12:20,Control,Black Bear,1,10/6/2015 17:35
25,3/8/2017 11:15,17/08/2017 9:15,Control,Wolf,2,9/8/2017 8:08
25,23/06/2016 11:20,7/7/2016 9:15,Control,Black Bear,1,26/06/2016 15:28
25,23/06/2016 11:20,7/7/2016 9:15,Control,Black Bear,1,29/06/2016 19:41
25,23/06/2016 11:20,7/7/2016 9:15,Control,Black Bear,1,1/7/2016 8:20
26,9/5/2014 13:38,23/05/2014 11:20,Control,Black Bear,1,19/05/2014 13:13
26,9/5/2014 13:38,23/05/2014 11:20,Control,Black Bear,1,12/5/2014 11:53
26,9/5/2014 13:38,23/05/2014 11:20,Control,Black Bear,1,11/5/2014 7:11
26,9/5/2014 13:38,23/05/2014 11:20,Control,Black Bear,1,10/5/2014 18:10
26,9/5/2014 13:38,23/05/2014 11:20,Control,Black Bear,1,23/05/2014 8:46
26,9/5/2014 13:38,23/05/2014 11:20,Control,Black Bear,1,13/05/2014 16:39
26,9/5/2014 13:38,23/05/2014 11:20,Control,Black Bear,1,14/05/2014 16:23
26,9/5/2014 13:38,23/05/2014 11:20,Control,Black Bear,1,14/05/2014 20:40
26,9/5/2014 13:38,23/05/2014 11:20,Control,Black Bear,1,10/5/2014 19:51
26,9/5/2014 13:38,23/05/2014 11:20,Control,Wolf,1,17/05/2014 6:08
26,9/5/2014 13:38,23/05/2014 11:20,Control,Black Bear,1,18/05/2014 8:59
26,9/5/2014 13:38,23/05/2014 11:20,Control,Black Bear,1,16/05/2014 8:36
26,9/5/2014 13:38,23/05/2014 11:20,Control,Wolf,1,23/05/2014 7:33
26,9/5/2014 13:38,23/05/2014 11:20,Control,Black Bear,1,10/5/2014 18:45
26,9/5/2014 13:38,23/05/2014 11:20,Control,Black Bear,1,10/5/2014 20:10
26,9/5/2014 13:38,23/05/2014 11:20,Control,Black Bear,1,20/05/2014 8:53
26,9/5/2014 13:38,23/05/2014 11:20,Control,Black Bear,1,20/05/2014 17:48
26,25/06/2014 16:40,10/7/2014 12:40,Anis Oil,Black Bear,1,28/06/2014 18:21
26,25/06/2014 16:40,10/7/2014 12:40,Anis Oil,Black Bear,1,26/06/2014 12:03
26,25/06/2014 16:40,10/7/2014 12:40,Anis Oil,Black Bear,1,29/06/2014 18:30
26,25/06/2014 16:40,10/7/2014 12:40,Anis Oil,Black Bear,1,3/7/2014 6:23
26,25/06/2014 16:40,10/7/2014 12:40,Anis Oil,Black Bear,1,10/7/2014 8:33
26,25/06/2014 16:40,10/7/2014 12:40,Anis Oil,Black Bear,1,30/06/2014 7:25
26,6/8/2014 13:35,21/08/2014 11:51,Fish Oil,Cougar,1,18/08/2014 6:21
26,22/06/2017 14:20,7/7/2017 11:45,Anis Oil,Black Bear,1,23/07/2017 12:18
26,22/06/2017 14:20,7/7/2017 11:45,Anis Oil,Black Bear,1,24/07/2017 8:39
26,7/8/2015 9:25,20/08/2015 9:55,Anis Oil,Black-tailed Deer,1,7/8/2015 21:39
26,7/8/2015 9:25,20/08/2015 9:55,Anis Oil,Wolf,1,18/08/2015 11:00
26,7/8/2015 9:25,20/08/2015 9:55,Anis Oil,Black-tailed Deer,1,11/8/2015 1:16
26,7/8/2015 9:25,20/08/2015 9:55,Anis Oil,Black Bear,1,16/08/2015 14:38
26,7/8/2015 9:25,20/08/2015 9:55,Anis Oil,Black-tailed Deer,1,15/08/2015 1:03
26,7/8/2015 9:25,20/08/2015 9:55,Anis Oil,Black-tailed Deer,1,14/08/2015 16:42
26,7/8/2015 9:25,20/08/2015 9:55,Anis Oil,Black-tailed Deer,1,10/8/2015 0:42
26,11/5/2015 8:50,27/05/2015 15:30,Fish Oil,Black Bear,1,17/05/2015 18:29
26,11/5/2015 8:50,27/05/2015 15:30,Fish Oil,Black Bear,1,12/5/2015 20:31
26,11/5/2015 8:50,27/05/2015 15:30,Fish Oil,Black Bear,1,13/05/2015 19:38
26,11/5/2015 8:50,27/05/2015 15:30,Fish Oil,Black Bear,1,14/05/2015 19:18
26,11/5/2015 8:50,27/05/2015 15:30,Fish Oil,Black Bear,1,16/05/2015 9:13
26,11/5/2015 8:50,27/05/2015 15:30,Fish Oil,Black Bear,1,21/05/2015 12:16
26,11/5/2015 8:50,27/05/2015 15:30,Fish Oil,Black Bear,1,22/05/2015 10:58
26,11/5/2015 8:50,27/05/2015 15:30,Fish Oil,Black Bear,1,23/05/2015 10:44
26,11/5/2015 8:50,27/05/2015 15:30,Fish Oil,Black Bear,1,23/05/2015 15:31
26,11/5/2015 8:50,27/05/2015 15:30,Fish Oil,Black Bear,1,24/05/2015 17:40
26,11/5/2015 8:50,27/05/2015 15:30,Fish Oil,Black Bear,1,25/05/2015 20:26
26,11/5/2015 8:50,27/05/2015 15:30,Fish Oil,Black Bear,1,12/5/2015 20:28
26,11/5/2015 8:50,27/05/2015 15:30,Fish Oil,Black Bear,1,14/05/2015 14:36
26,11/5/2015 8:50,27/05/2015 15:30,Fish Oil,Black Bear,1,16/05/2015 9:01
26,30/06/2015 12:15,9/7/2015 16:20,Control,Black Bear,1,4/7/2015 19:11
26,30/06/2015 12:15,9/7/2015 16:20,Control,Black Bear,1,4/7/2015 13:00
26,11/5/2017 10:45,25/05/2017 12:40,Control,Black Bear,1,12/5/2017 13:29
26,11/5/2017 10:45,25/05/2017 12:40,Control,Black Bear,1,14/05/2017 11:40
26,11/5/2017 10:45,25/05/2017 12:40,Control,Black Bear,1,19/05/2017 17:49
27,21/07/2017 12:00,3/8/2017 13:50,Fish Oil,Pine Marten,1,28/07/2017 21:20
27,21/08/2015 11:30,8/9/2015 10:25,Anis Oil,Black Bear,1,27/08/2015 14:45
27,1/9/2017 7:30,14/09/2017 16:25,Anis Oil,Black Bear,1,4/9/2017 6:05
27,28/05/2015 15:10,9/6/2015 14:30,Fish Oil,Black Bear,1,2/6/2015 15:57
27,8/7/2016 10:55,19/07/2016 14:11,Control,Black Bear,3,16/07/2016 8:28
28,26/05/2017 14:45,8/6/2017 14:35,Control,Black Bear,1,7/6/2017 12:22
29,24/06/2014 16:15,9/7/2014 15:55,Control,Black Bear,1,30/06/2014 21:10
29,6/8/2014 15:25,21/08/2014 9:25,Anis Oil,Black Bear,1,6/8/2014 16:44
29,6/8/2014 15:25,21/08/2014 9:25,Anis Oil,Black Bear,1,14/08/2014 6:44
29,22/06/2017 16:30,7/7/2017 10:35,Anis Oil,Raccoon,2,27/06/2017 1:17
29,3/8/2017 15:40,18/08/2017 11:50,Fish Oil,Black Bear,1,12/8/2017 14:33
29,11/5/2015 12:55,27/05/2015 9:55,Anis Oil,Black Bear,1,14/05/2015 20:17
29,30/06/2015 11:40,9/7/2015 16:30,Fish Oil,Black Bear,1,8/7/2015 10:49
30,5/6/2014 13:50,24/06/2014 15:30,Fish Oil,Black Bear,1,21/06/2014 15:49
30,3/9/2014 12:45,17/09/2014 11:32,Anis Oil,Black Bear,1,5/9/2014 10:34
30,3/9/2014 12:45,17/09/2014 11:32,Anis Oil,Black Bear,1,10/9/2014 4:28
30,3/9/2014 12:45,17/09/2014 11:32,Anis Oil,Black Bear,1,12/9/2014 11:31
30,9/6/2017 8:50,23/06/2017 9:15,Control,Black Bear,1,9/6/2017 16:00
30,24/07/2015 7:35,6/8/2015 12:35,Fish Oil,Pine Marten,1,25/07/2015 18:04
30,24/07/2015 7:35,6/8/2015 12:35,Fish Oil,Black Bear,1,27/07/2015 11:38
30,24/07/2015 7:35,6/8/2015 12:35,Fish Oil,Black Bear,1,25/07/2015 13:51
30,9/9/2015 7:50,22/09/2015 15:50,Control,Black Bear,1,15/09/2015 9:56
30,9/9/2015 7:50,22/09/2015 15:50,Control,Black Bear,1,21/09/2015 18:06
30,9/9/2015 7:50,22/09/2015 15:50,Control,Black Bear,1,14/09/2015 10:11
30,31/08/2017 8:15,14/09/2017 14:45,Control,Black Bear,1,8/9/2017 13:06
30,31/08/2017 8:15,14/09/2017 14:45,Control,Black Bear,1,8/9/2017 8:43
30,31/08/2017 8:15,14/09/2017 14:45,Control,Black Bear,1,8/9/2017 6:20
30,31/08/2017 8:15,14/09/2017 14:45,Control,Black Bear,1,7/9/2017 18:47
30,31/08/2017 8:15,14/09/2017 14:45,Control,Black Bear,1,6/9/2017 15:27
30,31/08/2017 8:15,14/09/2017 14:45,Control,Black Bear,1,6/9/2017 15:14
30,31/08/2017 8:15,14/09/2017 14:45,Control,River Otter,4,7/9/2017 7:49
30,31/08/2017 8:15,14/09/2017 14:45,Control,Black Bear,1,5/9/2017 19:46
30,31/08/2017 8:15,14/09/2017 14:45,Control,Black Bear,1,8/9/2017 17:02
30,31/08/2017 8:15,14/09/2017 14:45,Control,Black Bear,1,2/9/2017 8:41
30,31/08/2017 8:15,14/09/2017 14:45,Control,Black Bear,1,8/9/2017 17:59
30,31/08/2017 8:15,14/09/2017 14:45,Control,Black Bear,1,10/9/2017 15:48
30,31/08/2017 8:15,14/09/2017 14:45,Control,Black Bear,1,12/9/2017 14:39
30,31/08/2017 8:15,14/09/2017 14:45,Control,Black Bear,1,12/9/2017 15:27
30,31/08/2017 8:15,14/09/2017 14:45,Control,Black Bear,1,12/9/2017 16:55
30,31/08/2017 8:15,14/09/2017 14:45,Control,Black Bear,1,14/09/2017 9:52
30,31/08/2017 8:15,14/09/2017 14:45,Control,Black Bear,1,8/9/2017 14:20
30,31/08/2017 8:15,14/09/2017 14:45,Control,Black Bear,1,5/9/2017 14:31
30,31/08/2017 8:15,14/09/2017 14:45,Control,Black Bear,1,4/9/2017 12:43
30,31/08/2017 8:15,14/09/2017 14:45,Control,Black Bear,1,4/9/2017 2:28
30,31/08/2017 8:15,14/09/2017 14:45,Control,Black Bear,1,2/9/2017 10:01
30,31/08/2017 8:15,14/09/2017 14:45,Control,Black Bear,1,1/9/2017 18:22
30,31/08/2017 8:15,14/09/2017 14:45,Control,Black Bear,1,1/9/2017 17:55
30,31/08/2017 8:15,14/09/2017 14:45,Control,Black Bear,1,1/9/2017 17:43
30,31/08/2017 8:15,14/09/2017 14:45,Control,Black Bear,2,5/9/2017 16:41
30,31/08/2017 8:15,14/09/2017 14:45,Control,Black Bear,1,2/9/2017 13:02
30,10/6/2015 7:25,29/06/2015 14:20,Anis Oil,Raccoon,1,16/06/2015 7:19
30,10/6/2015 7:25,29/06/2015 14:20,Anis Oil,Raccoon,1,20/06/2015 4:06
30,10/6/2015 7:25,29/06/2015 14:20,Anis Oil,Black-tailed Deer,1,21/06/2015 12:39
30,10/6/2015 7:25,29/06/2015 14:20,Anis Oil,Raccoon,1,13/06/2015 5:22
30,10/6/2015 7:25,29/06/2015 14:20,Anis Oil,Raccoon,1,13/06/2015 21:14
30,10/6/2015 7:25,29/06/2015 14:20,Anis Oil,Raccoon,1,16/06/2015 4:45
31,24/06/2014 11:51,10/7/2014 15:56,Fish Oil,Raccoon,1,2/7/2014 22:32
32,9/5/2014 16:30,22/05/2014 11:53,Anis Oil,Black Bear,1,13/05/2014 17:15
32,25/06/2014 12:00,9/7/2014 15:09,Fish Oil,Black Bear,1,29/06/2014 18:02
32,21/07/2017 11:05,3/8/2017 15:00,Fish Oil,Black Bear,1,1/8/2017 9:03
32,21/07/2017 11:05,3/8/2017 15:00,Fish Oil,Black Bear,1,22/07/2017 20:24
32,1/9/2017 7:05,14/09/2017 17:00,Anis Oil,Black Bear,1,10/9/2017 10:07
32,1/9/2017 7:05,14/09/2017 17:00,Anis Oil,Black Bear,1,8/9/2017 18:16
32,1/9/2017 7:05,14/09/2017 17:00,Anis Oil,Black Bear,1,1/9/2017 19:07
32,1/9/2017 7:05,14/09/2017 17:00,Anis Oil,Wolf,2,13/09/2017 4:26
32,12/5/2015 9:05,27/05/2015 11:05,Fish Oil,Black Bear,1,20/05/2015 14:06
32,9/7/2016 10:50,19/07/2016 13:00,Control,Black Bear,1,17/07/2016 4:37
32,9/7/2016 10:50,19/07/2016 13:00,Control,Black Bear,1,18/07/2016 8:49
32,9/7/2016 10:50,19/07/2016 13:00,Control,Black Bear,1,11/7/2016 9:00
32,9/7/2016 10:50,19/07/2016 13:00,Control,Black Bear,1,12/7/2016 7:10
32,9/7/2016 10:50,19/07/2016 13:00,Control,Black Bear,1,11/7/2016 8:56
32,9/7/2016 10:50,19/07/2016 13:00,Control,Black Bear,1,12/7/2016 7:15
32,9/7/2016 10:50,19/07/2016 13:00,Control,Black Bear,1,11/7/2016 9:47
32,9/7/2016 10:50,19/07/2016 13:00,Control,Black Bear,1,12/7/2016 7:25
32,9/7/2016 10:50,19/07/2016 13:00,Control,Black Bear,1,14/07/2016 5:57
32,9/7/2016 10:50,19/07/2016 13:00,Control,Black Bear,1,14/07/2016 16:37
32,9/7/2016 10:50,19/07/2016 13:00,Control,Black Bear,1,18/07/2016 11:39
32,9/7/2016 10:50,19/07/2016 13:00,Control,Black Bear,1,19/07/2016 5:39
32,9/7/2016 10:50,19/07/2016 13:00,Control,Black Bear,1,11/7/2016 8:44
33,24/07/2014 8:55,6/8/2014 15:52,Control,Black Bear,1,24/07/2014 13:57
33,7/7/2017 10:15,20/07/2017 14:45,Fish Oil,Black Bear,1,19/07/2017 16:29
33,7/7/2017 10:15,20/07/2017 14:45,Fish Oil,Pine Marten,1,8/7/2017 11:37
33,7/7/2017 10:15,20/07/2017 14:45,Fish Oil,Black Bear,1,17/07/2017 19:53
33,18/08/2017 12:20,31/08/2017 11:15,Control,Black Bear,1,25/08/2017 7:43
33,18/08/2017 12:20,31/08/2017 11:15,Control,Black Bear,1,29/08/2017 12:33
33,18/08/2017 12:20,31/08/2017 11:15,Control,Black Bear,1,24/08/2017 19:22
33,9/9/2015 8:55,23/09/2015 13:15,Control,Black Bear,1,15/09/2015 13:57
33,9/9/2015 8:55,23/09/2015 13:15,Control,Black Bear,1,10/10/2015 13:10
33,9/9/2015 8:55,23/09/2015 13:15,Control,Black Bear,1,17/09/2015 7:22
33,10/6/2015 8:00,29/06/2015 14:00,Anis Oil,Stoat,1,10/6/2015 16:30
33,23/06/2016 14:30,7/7/2016 13:25,Control,Black Bear,1,27/06/2016 22:15
33,23/06/2016 14:30,7/7/2016 13:25,Control,Black Bear,1,30/06/2016 18:45
33,24/06/2016 9:30,7/7/2016 13:25,Control,Black Bear,1,26/06/2016 11:16
33,24/06/2016 9:30,7/7/2016 13:25,Control,Black Bear,1,4/7/2015 15:01
33,24/06/2016 9:30,7/7/2016 13:25,Control,Black Bear,1,2/7/2015 11:07
33,24/06/2016 9:30,7/7/2016 13:25,Control,Black Bear,1,30/06/2016 18:40
33,24/06/2016 9:30,7/7/2016 13:25,Control,Black Bear,1,1/7/2016 19:45
33,24/06/2016 9:30,7/7/2016 13:25,Control,Black Bear,1,30/06/2016 9:49
33,24/06/2016 9:30,7/7/2016 13:25,Control,Black Bear,1,29/06/2016 9:33
33,24/06/2016 9:30,7/7/2016 13:25,Control,Black Bear,1,6/7/2016 11:52
33,24/06/2016 9:30,7/7/2016 13:25,Control,Black Bear,1,3/7/2016 15:28
33,24/06/2016 9:30,7/7/2016 13:25,Control,Black Bear,1,2/7/2016 21:32
33,24/06/2016 9:30,7/7/2016 13:25,Control,Black Bear,1,30/06/2016 12:58
33,24/06/2016 9:30,7/7/2016 13:25,Control,Black Bear,1,26/06/2016 15:45
33,24/06/2016 9:30,7/7/2016 13:25,Control,Black Bear,1,29/06/2016 16:29
33,24/06/2016 9:30,7/7/2016 13:25,Control,Black Bear,1,27/06/2016 8:02
33,24/06/2016 9:30,7/7/2016 13:25,Control,Black Bear,1,28/06/2016 9:47
33,24/06/2016 9:30,7/7/2016 13:25,Control,Black Bear,1,27/06/2016 10:21
33,24/06/2016 9:30,7/7/2016 13:25,Control,Black Bear,1,30/06/2016 7:08
33,24/06/2016 9:30,7/7/2016 13:25,Control,Black Bear,1,29/06/2016 18:30
34,3/9/2014 13:15,17/09/2014 11:10,Anis Oil,Black Bear,1,10/9/2014 1:19
34,3/9/2014 13:15,17/09/2014 11:10,Anis Oil,Black Bear,1,4/9/2014 7:16
34,3/9/2014 13:15,17/09/2014 11:10,Anis Oil,Black Bear,1,4/9/2014 8:00
34,3/9/2014 13:15,17/09/2014 11:10,Anis Oil,Black Bear,1,13/09/2014 2:57
34,3/9/2014 13:15,17/09/2014 11:10,Anis Oil,Black Bear,1,12/9/2014 6:33
34,3/9/2014 13:15,17/09/2014 11:10,Anis Oil,Black Bear,1,8/9/2014 12:35
34,3/9/2014 13:15,17/09/2014 11:10,Anis Oil,Black Bear,1,10/9/2014 8:38
34,18/08/2017 11:15,31/08/2017 8:00,Fish Oil,Black Bear,2,21/08/2017 16:12
34,24/07/2015 7:55,6/8/2015 14:15,Anis Oil,Black Bear,1,4/8/2015 8:52
34,24/07/2015 7:55,6/8/2015 14:15,Anis Oil,Black Bear,1,31/07/2015 8:09
34,9/9/2015 8:05,23/09/2015 12:40,Control,Black Bear,2,13/09/2015 13:47
34,9/9/2015 8:05,23/09/2015 12:40,Control,Black Bear,1,18/09/2015 9:16
34,9/9/2015 8:05,23/09/2015 12:40,Control,Black Bear,1,19/09/2015 19:14
35,27/05/2017 12:30,8/6/2017 9:55,Control,Black Bear,1,3/6/2017 10:13
35,27/05/2017 12:30,8/6/2017 9:55,Control,Black Bear,1,2/6/2017 16:09
35,7/7/2017 11:30,21/07/2017 12:20,Fish Oil,Black Bear,1,8/7/2017 20:01
35,24/07/2015 10:25,6/8/2015 14:45,Control,Black-tailed Deer,1,5/8/2015 21:54
35,24/07/2015 10:25,6/8/2015 14:45,Control,Black Bear,1,1/8/2015 17:13
35,24/07/2015 10:25,6/8/2015 14:45,Control,Black Bear,1,30/07/2015 16:02
35,24/07/2015 10:25,6/8/2015 14:45,Control,Black Bear,1,30/07/2015 12:34
35,9/9/2015 10:45,23/09/2015 11:15,Anis Oil,Red Squirrel,1,12/9/2015 8:29
35,17/08/2017 11:45,30/08/2017 15:40,Control,Black Bear,1,21/08/2017 9:37
35,17/08/2017 11:45,30/08/2017 15:40,Control,Black Bear,1,25/08/2017 13:54
35,17/08/2017 11:45,30/08/2017 15:40,Control,Black Bear,1,26/08/2017 10:59
35,10/6/2015 8:30,29/06/2015 11:55,Fish Oil,Black Bear,1,11/6/2015 19:12
35,10/6/2015 8:30,29/06/2015 11:55,Fish Oil,Black-tailed Deer,1,12/6/2015 4:04
35,10/6/2015 8:30,29/06/2015 11:55,Fish Oil,Black Bear,1,26/06/2015 18:11
35,10/6/2015 8:30,29/06/2015 11:55,Fish Oil,Black-tailed Deer,1,26/06/2015 22:04
35,10/6/2015 8:30,29/06/2015 11:55,Fish Oil,Black Bear,2,11/6/2015 13:39
35,10/6/2015 8:30,29/06/2015 11:55,Fish Oil,Black Bear,1,20/06/2015 15:56
36,21/08/2014 9:05,3/9/2014 10:33,Control,Black Bear,1,2/9/2014 8:15
36,21/08/2014 9:05,3/9/2014 10:33,Control,Wolf,1,29/08/2014 19:42
36,7/7/2017 9:55,20/07/2017 15:20,Control,Wolf,1,14/07/2017 10:18
36,7/7/2017 9:55,20/07/2017 15:20,Control,Black Bear,1,11/7/2017 9:31
36,7/7/2017 9:55,20/07/2017 15:20,Control,Black Bear,1,9/7/2017 19:17
36,10/7/2015 8:20,23/07/2015 15:30,Anis Oil,Black Bear,1,16/07/2015 5:39
36,21/08/2015 8:00,8/9/2015 16:40,Fish Oil,Black Bear,1,23/08/2015 8:27
36,18/08/2017 8:50,31/08/2017 7:25,Control,Wolf,3,23/08/2017 5:06
36,11/5/2016 16:20,24/05/2016 9:30,Control,Black Bear,1,17/05/2016 15:51
36,11/5/2016 16:20,24/05/2016 9:30,Control,Black Bear,1,17/05/2016 15:58
36,11/5/2016 16:20,24/05/2016 9:30,Control,Black Bear,1,22/05/2016 10:47
37,5/6/2014 11:45,25/06/2014 11:38,Fish Oil,Black Bear,1,21/06/2014 11:45
37,5/6/2014 11:45,25/06/2014 11:38,Fish Oil,Black-tailed Deer,1,15/06/2014 5:14
37,23/07/2014 14:57,7/8/2014 12:30,Control,Black Bear,1,6/8/2014 13:20
37,23/07/2014 14:57,7/8/2014 12:30,Control,Black Bear,1,26/07/2014 5:19
37,3/9/2014 14:50,17/09/2014 10:10,Anis Oil,Black Bear,1,4/9/2014 6:37
37,3/9/2014 14:50,17/09/2014 10:10,Anis Oil,Red Squirrel,1,11/9/2014 8:03
37,9/6/2017 11:20,23/06/2017 11:30,Control,Black Bear,1,15/06/2017 12:26
37,9/6/2017 11:20,23/06/2017 11:30,Control,Raccoon,1,11/6/2017 5:45
37,9/6/2017 11:20,23/06/2017 11:30,Control,Black Bear,1,12/6/2017 15:09
37,20/07/2017 14:00,4/8/2017 11:44,Anis Oil,Black Bear,1,4/8/2017 7:20
37,10/6/2015 10:10,29/06/2015 13:40,Anis Oil,Black Bear,1,24/06/2015 21:14
37,8/7/2016 13:45,19/07/2016 11:15,Control,Black Bear,1,19/07/2016 5:10
37,8/7/2016 13:45,19/07/2016 11:15,Control,Black Bear,1,13/07/2016 19:43
37,8/7/2016 13:45,19/07/2016 14:11,Control,Black Bear,1,16/07/2016 15:25
37,8/7/2016 13:45,19/07/2016 14:11,Control,Black Bear,1,17/07/2016 17:30
37,8/7/2016 13:45,19/07/2016 11:15,Control,Black Bear,1,17/07/2016 16:54
38,25/05/2017 14:35,8/6/2017 9:00,Control,Black Bear,1,2/6/2017 17:51
38,7/7/2016 10:28,19/07/2016 9:50,Control,Wolf,1,17/07/2016 21:34
38,8/7/2016 9:05,19/07/2016 9:50,Control,Black Bear,1,11/7/2016 6:47
38,8/7/2016 9:05,19/07/2016 9:50,Control,Black Bear,1,11/7/2016 6:42
39,21/07/2017 13:00,3/8/2017 9:30,Fish Oil,Black Bear,1,29/07/2017 10:38
39,8/6/2016 11:45,21/06/2016 10:15,Control,Black Bear,1,11/6/2016 16:19
40,7/7/2017 8:25,21/07/2017 8:10,Fish Oil,Black Bear,1,7/7/2017 19:40
40,7/7/2017 8:25,21/07/2017 8:10,Fish Oil,Black-tailed Deer,1,10/7/2017 0:40
40,7/7/2017 8:25,21/07/2017 8:10,Fish Oil,Black Bear,1,12/7/2017 6:43
40,7/8/2015 11:15,20/08/2015 15:10,Control,Black Bear,1,19/08/2015 19:01
40,7/8/2015 11:15,20/08/2015 15:10,Control,Black Bear,1,11/8/2015 4:42
40,7/8/2015 11:15,20/08/2015 15:10,Control,Black Bear,1,10/8/2015 15:09
40,11/5/2015 14:50,27/05/2015 9:25,Anis Oil,Black Bear,1,15/05/2015 18:52
40,11/5/2015 14:50,27/05/2015 9:25,Anis Oil,Black Bear,1,21/05/2015 15:40
40,11/5/2015 14:50,27/05/2015 9:25,Anis Oil,Black Bear,2,12/5/2015 15:46
40,26/05/2017 13:00,8/6/2017 12:30,Control,Wolf,1,28/05/2017 8:24
40,26/05/2017 13:00,8/6/2017 12:30,Control,Black Bear,1,29/05/2017 7:32
40,26/05/2017 13:00,8/6/2017 12:30,Control,Black Bear,1,4/6/2017 11:55
41,20/07/2017 11:15,4/8/2017 15:30,Control,Black Bear,1,30/07/2017 11:36
41,10/5/2016 10:00,24/05/2016 12:00,Control,Wolf,1,22/05/2016 18:58
41,10/5/2016 10:00,24/05/2016 12:00,Control,Wolf,1,10/5/2016 19:40
41,10/5/2016 10:00,24/05/2016 12:00,Control,Red Squirrel,1,22/05/2016 13:38
41,10/5/2016 10:00,24/05/2016 12:00,Control,Wolf,1,22/05/2016 18:37
41,10/5/2016 10:00,24/05/2016 12:00,Control,Wolf,1,14/05/2016 15:59
41,10/5/2016 10:00,24/05/2016 12:00,Control,Wolf,1,21/05/2016 18:42
41,10/5/2016 10:00,24/05/2016 12:00,Control,Wolf,1,22/05/2016 12:15
41,1/9/2017 13:10,14/09/2017 11:20,Anis Oil,Black Bear,1,1/9/2017 18:43
41,1/9/2017 13:10,14/09/2017 11:20,Anis Oil,Black Bear,1,8/9/2017 19:33
42,6/6/2014 10:00,24/06/2014 10:41,Control,Black Bear,1,18/06/2014 8:05
42,24/07/2014 14:23,6/8/2014 10:18,Anis Oil,Black Bear,1,26/07/2014 15:25
42,21/07/2017 13:45,3/8/2017 9:05,Fish Oil,Black Bear,3,25/07/2017 11:23
42,24/07/2015 13:50,6/8/2015 9:50,Control,Black Bear,1,4/8/2015 17:12
42,9/9/2015 13:40,23/09/2015 10:00,Anis Oil,Black Bear,1,11/9/2015 18:41
42,10/5/2016 12:10,24/05/2016 14:05,Control,Black Bear,1,17/05/2016 18:51
42,10/5/2016 12:10,24/05/2016 14:05,Control,Raccoon,1,14/05/2016 21:21
42,10/5/2016 12:10,24/05/2016 14:05,Control,Black Bear,1,17/05/2016 18:43
42,1/9/2017 11:55,14/09/2017 9:30,Anis Oil,Black Bear,1,10/9/2017 13:13
42,10/6/2015 12:15,29/06/2015 10:50,Fish Oil,Wolf,1,14/06/2015 5:13
